{
  "hash": "86f0114b",
  "configHash": "1c86012d",
  "lockfileHash": "b0ff7203",
  "browserHash": "dd6d2daf",
  "optimized": {
    "@angular/core": {
      "src": "../../../../../node_modules/@angular/core/fesm2022/core.mjs",
      "file": "@angular_core.js",
      "fileHash": "9a2fc825",
      "needsInterop": false
    },
    "@angular/platform-browser": {
      "src": "../../../../../node_modules/@angular/platform-browser/fesm2022/platform-browser.mjs",
      "file": "@angular_platform-browser.js",
      "fileHash": "cd995e07",
      "needsInterop": false
    },
    "@angular/router": {
      "src": "../../../../../node_modules/@angular/router/fesm2022/router.mjs",
      "file": "@angular_router.js",
      "fileHash": "7c00e62b",
      "needsInterop": false
    }
  },
  "chunks": {
    "chunk-KAW73ZCG": {
      "file": "chunk-KAW73ZCG.js"
    },
    "chunk-7UBRETAF": {
      "file": "chunk-7UBRETAF.js"
    }
  }
}